student_id,student_name,gender,region,department,course,academic_year,semester,study_mode,enrollment_date,credits,attendance_rate,midterm_score,final_score,average_score,result_status,tuition_fee,scholarship_type,scholarship_amount,satisfaction_score
SV0001,Huỳnh Thị Bình,Nam,Đồng bằng sông Cửu Long,Kinh tế,Phân tích kinh doanh,Năm 2,HK2 2025-2026,Trực tuyến,2024-10-26,3,90.0,4.3,7.6,6.3,Đạt,3150000,Khuyến học,630000,5
SV0002,Đặng Thị Quân,Nữ,Miền Bắc,Tài chính - Ngân hàng,Tài chính doanh nghiệp,Năm 3,HK2 2025-2026,Trực tuyến,2026-05-18,3,82.3,7.3,6.8,7.0,Đạt,3150000,Không,0,4
SV0003,Phan Hoàng Hà,Nam,Đồng bằng sông Cửu Long,Quản trị kinh doanh,Quản trị nhân sự,Năm 3,HK1 2024-2025,Trực tuyến,2025-07-15,3,82.2,4.3,8.4,6.8,Đạt,3300000,Tài năng,1650000,4
SV0004,Lê Quốc Hà,Nữ,TP. Hồ Chí Minh,Ngôn ngữ Anh,Tiếng Anh học thuật,Năm 2,HK1 2025-2026,Trực tuyến,2025-11-30,3,79.3,5.7,6.6,6.2,Đạt,3000000,Không,0,4
SV0005,Đỗ Anh Phúc,Nữ,TP. Hồ Chí Minh,Quản trị kinh doanh,Khởi nghiệp,Năm 2,HK2 2025-2026,Trực tiếp,2024-10-02,3,84.8,6.8,7.3,7.1,Đạt,3150000,Hoàn cảnh khó khăn,1260000,4
SV0006,Hoàng Minh Uyên,Nữ,Tây Nguyên,Ngôn ngữ Anh,Giao tiếp thương mại,Năm 4,HK1 2024-2025,Kết hợp,2025-08-06,3,79.6,6.9,6.6,6.7,Đạt,3000000,Hoàn cảnh khó khăn,750000,4
SV0007,Huỳnh Quốc An,Nữ,Đồng bằng sông Cửu Long,Công nghệ thông tin,Phát triển Web,Năm 3,HK1 2025-2026,Kết hợp,2026-05-30,3,80.2,8.9,6.7,7.6,Đạt,3300000,Hoàn cảnh khó khăn,825000,5
SV0008,Phạm Gia Thảo,Nam,Đồng bằng sông Cửu Long,Truyền thông,Truyền thông số,Năm 3,HK2 2025-2026,Kết hợp,2026-03-31,3,91.0,7.9,10,9.2,Đạt,3150000,Không,0,4
SV0009,Phạm Ngọc Huy,Nữ,TP. Hồ Chí Minh,Công nghệ thông tin,Phát triển Web,Năm 3,HK2 2025-2026,Kết hợp,2026-01-27,2,79.4,8.6,4.3,6.0,Đạt,1900000,Khuyến học,475000,3
SV0010,Đỗ Ngọc Giang,Nam,Miền Bắc,Quản trị kinh doanh,Quản trị chiến lược,Năm 1,HK2 2025-2026,Kết hợp,2024-10-20,3,100,6.4,6.9,6.7,Đạt,2850000,Không,0,4
SV0011,Hoàng Ngọc Uyên,Nữ,Miền Bắc,Ngôn ngữ Anh,Văn hóa Anh-Mỹ,Năm 1,HK2 2025-2026,Trực tiếp,2026-04-03,3,91.1,9.4,8.0,8.6,Đạt,3300000,Không,0,4
SV0012,Võ Thanh Khang,Nữ,Miền Trung,Ngôn ngữ Anh,Biên phiên dịch,Năm 3,HK1 2025-2026,Trực tiếp,2026-05-29,3,94.9,9.2,5.6,7.0,Đạt,3300000,Hoàn cảnh khó khăn,825000,4
SV0013,Nguyễn Gia Mai,Nam,Miền Bắc,Ngôn ngữ Anh,Biên phiên dịch,Năm 2,HK1 2025-2026,Kết hợp,2024-09-03,3,82.6,5.5,8.0,7.0,Đạt,2850000,Không,0,5
SV0014,Hoàng Thu Giang,Nữ,Miền Bắc,Kinh tế,Phân tích kinh doanh,Năm 2,HK2 2025-2026,Trực tuyến,2026-03-07,3,87.5,6.0,7.4,6.8,Đạt,3000000,Không,0,5
SV0015,Huỳnh Anh An,Nữ,Đông Nam Bộ,Quản trị kinh doanh,Khởi nghiệp,Năm 1,HK1 2025-2026,Trực tiếp,2025-01-29,3,84.2,7.5,9.0,8.4,Đạt,2850000,Không,0,4
SV0016,Võ Thị Linh,Nữ,Đông Nam Bộ,Truyền thông,Thiết kế đồ họa,Năm 1,HK2 2025-2026,Trực tiếp,2025-11-09,4,94.7,8.0,6.3,7.0,Đạt,4200000,Không,0,5
SV0017,Võ Gia Bình,Nam,TP. Hồ Chí Minh,Tài chính - Ngân hàng,Đầu tư tài chính,Năm 3,HK1 2025-2026,Trực tiếp,2025-11-29,4,79.4,5.5,6.0,5.8,Đạt,3800000,Không,0,3
SV0018,Đỗ Thị Quân,Nữ,TP. Hồ Chí Minh,Công nghệ thông tin,Phát triển Web,Năm 2,HK1 2024-2025,Kết hợp,2024-12-16,2,79.3,5.6,8.6,7.4,Đạt,2100000,Không,0,4
SV0019,Phan Thị Phúc,Nữ,Miền Bắc,Truyền thông,Thiết kế đồ họa,Năm 4,HK2 2025-2026,Kết hợp,2026-02-16,3,88.5,8.8,6.4,7.4,Đạt,3000000,Không,0,4
SV0020,Lê Minh Dũng,Khác,Miền Bắc,Quản trị kinh doanh,Quản trị chiến lược,Năm 3,HK2 2025-2026,Trực tiếp,2026-05-09,2,91.2,6.0,7.2,6.7,Đạt,2000000,Khuyến học,300000,5
SV0021,Hoàng Ngọc Dũng,Nam,Đông Nam Bộ,Quản trị kinh doanh,Quản trị chiến lược,Năm 1,HK1 2025-2026,Trực tiếp,2026-03-13,2,83.6,8.8,6.6,7.5,Đạt,2100000,Tài năng,735000,4
SV0022,Lê Hoàng Giang,Nam,Đông Nam Bộ,Kinh tế,Thương mại điện tử,Năm 4,HK1 2025-2026,Trực tuyến,2025-08-27,2,98.1,8.8,5.0,6.5,Đạt,1900000,Không,0,5
SV0023,Đỗ Gia Lan,Nữ,Miền Bắc,Quản trị kinh doanh,Quản trị nhân sự,Năm 1,HK1 2024-2025,Trực tiếp,2024-12-29,3,74.0,6.6,5.3,5.8,Đạt,3150000,Tài năng,1575000,4
SV0024,Trần Văn Yến,Nữ,Đông Nam Bộ,Kinh tế,Kinh tế vi mô,Năm 1,HK1 2025-2026,Trực tiếp,2024-09-06,3,86.8,7.8,8.2,8.0,Đạt,3000000,Khuyến học,600000,3
SV0025,Trần Quốc Trang,Nam,Miền Bắc,Truyền thông,Thiết kế đồ họa,Năm 4,HK1 2024-2025,Kết hợp,2025-04-13,2,97.8,7.0,8.9,8.1,Đạt,2100000,Không,0,4
SV0026,Võ Hoàng Thảo,Nữ,Đồng bằng sông Cửu Long,Quản trị kinh doanh,Quản trị chiến lược,Năm 4,HK1 2025-2026,Trực tiếp,2026-05-21,3,80.5,5.2,10,8.1,Đạt,3000000,Khuyến học,450000,2
SV0027,Hoàng Thu Phúc,Nam,Miền Bắc,Công nghệ thông tin,Trí tuệ nhân tạo,Năm 2,HK2 2025-2026,Trực tiếp,2026-03-16,3,90.3,8.7,5.2,6.6,Đạt,3300000,Tài năng,1650000,4
SV0028,Đặng Thanh Uyên,Nam,TP. Hồ Chí Minh,Ngôn ngữ Anh,Văn hóa Anh-Mỹ,Năm 1,HK2 2025-2026,Trực tiếp,2026-05-04,3,59.2,7.4,9.6,8.7,Không đạt,3300000,Hoàn cảnh khó khăn,990000,5
SV0029,Phan Quốc An,Nữ,Đông Nam Bộ,Tài chính - Ngân hàng,Đầu tư tài chính,Năm 4,HK2 2025-2026,Trực tiếp,2024-10-13,3,100,7.1,7.6,7.4,Đạt,3150000,Không,0,4
SV0030,Bùi Thu Mai,Nam,Miền Bắc,Công nghệ thông tin,Cơ sở dữ liệu,Năm 1,HK1 2025-2026,Trực tiếp,2024-11-12,2,80.1,6.3,8.3,7.5,Đạt,1900000,Khuyến học,285000,4
SV0031,Đỗ Văn Vi,Nữ,TP. Hồ Chí Minh,Kinh tế,Kinh tế vi mô,Năm 2,HK2 2025-2026,Kết hợp,2025-08-04,2,100,10.0,5.8,7.5,Đạt,2000000,Không,0,4
SV0032,Phan Ngọc Phúc,Nữ,Đồng bằng sông Cửu Long,Tài chính - Ngân hàng,Kế toán quản trị,Năm 2,HK2 2024-2025,Trực tiếp,2025-05-22,2,80.0,5.4,7.8,6.8,Đạt,2200000,Không,0,3
SV0033,Võ Hoàng Phúc,Nam,Miền Trung,Quản trị kinh doanh,Quản trị chiến lược,Năm 2,HK2 2024-2025,Trực tiếp,2024-10-24,4,83.3,8.9,6.1,7.2,Đạt,4200000,Khuyến học,1050000,5
SV0034,Hoàng Anh An,Nữ,Đồng bằng sông Cửu Long,Kinh tế,Phân tích kinh doanh,Năm 2,HK2 2025-2026,Trực tiếp,2025-03-11,3,76.7,8.9,7.5,8.1,Đạt,3000000,Không,0,2
SV0035,Lê Quốc Hà,Nữ,Tây Nguyên,Kinh tế,Thương mại điện tử,Năm 4,HK1 2024-2025,Trực tiếp,2026-03-09,4,79.7,7.3,7.5,7.4,Đạt,3800000,Không,0,5
SV0036,Trần Minh An,Nữ,Miền Trung,Công nghệ thông tin,Lập trình Python,Năm 1,HK1 2024-2025,Trực tiếp,2026-06-08,2,72.9,8.3,6.4,7.2,Đạt,2200000,Không,0,4
SV0037,Vũ Văn Chi,Nữ,Đồng bằng sông Cửu Long,Công nghệ thông tin,Trí tuệ nhân tạo,Năm 4,HK1 2024-2025,Trực tiếp,2025-12-03,3,72.6,7.3,7.6,7.5,Đạt,2850000,Tài năng,997499,3
SV0038,Bùi Minh Phúc,Nữ,Đông Nam Bộ,Kinh tế,Kinh tế vĩ mô,Năm 1,HK1 2025-2026,Kết hợp,2026-01-07,3,76.1,6.0,7.7,7.0,Đạt,2850000,Không,0,4
SV0039,Phan Hoàng An,Khác,TP. Hồ Chí Minh,Quản trị kinh doanh,Quản trị chiến lược,Năm 4,HK2 2025-2026,Trực tiếp,2025-03-13,4,96.6,8.2,7.9,8.0,Đạt,4200000,Khuyến học,630000,4
SV0040,Lê Thị Phúc,Nam,TP. Hồ Chí Minh,Ngôn ngữ Anh,Biên phiên dịch,Năm 3,HK1 2024-2025,Trực tiếp,2025-11-05,2,70.9,4.8,7.6,6.5,Đạt,2100000,Không,0,4
SV0041,Võ Quốc Chi,Nam,Đông Nam Bộ,Công nghệ thông tin,Trí tuệ nhân tạo,Năm 4,HK2 2024-2025,Kết hợp,2025-04-12,2,99.5,6.7,6.0,6.3,Bảo lưu,2100000,Khuyến học,315000,5
SV0042,Nguyễn Gia Trang,Nữ,Miền Trung,Truyền thông,Thiết kế đồ họa,Năm 2,HK1 2024-2025,Trực tiếp,2024-09-13,3,86.9,8.8,6.2,7.2,Đạt,3000000,Không,0,3
SV0043,Phan Thanh An,Nữ,TP. Hồ Chí Minh,Công nghệ thông tin,Trí tuệ nhân tạo,Năm 1,HK1 2024-2025,Kết hợp,2025-09-25,3,100,6.5,9.3,8.2,Đạt,3150000,Khuyến học,787500,4
SV0044,Nguyễn Thu Dũng,Nam,TP. Hồ Chí Minh,Truyền thông,Truyền thông số,Năm 1,HK1 2024-2025,Kết hợp,2025-04-08,4,75.2,7.0,7.0,7.0,Đạt,4200000,Không,0,4
SV0045,Đặng Minh Lan,Nam,Miền Trung,Kinh tế,Phân tích kinh doanh,Năm 3,HK1 2024-2025,Trực tiếp,2025-09-08,3,84.3,6.2,6.1,6.1,Đạt,2850000,Không,0,3
SV0046,Vũ Thu An,Nữ,TP. Hồ Chí Minh,Công nghệ thông tin,Phát triển Web,Năm 1,HK1 2025-2026,Trực tuyến,2025-05-21,2,60.3,6.5,7.9,7.3,Đạt,2100000,Tài năng,735000,3
SV0047,Nguyễn Hoàng Uyên,Khác,Tây Nguyên,Ngôn ngữ Anh,Giao tiếp thương mại,Năm 4,HK2 2025-2026,Trực tuyến,2025-10-26,3,78.5,7.4,10,9.0,Đạt,3300000,Không,0,5
SV0048,Trần Thu Huy,Nam,TP. Hồ Chí Minh,Ngôn ngữ Anh,Văn hóa Anh-Mỹ,Năm 1,HK1 2024-2025,Kết hợp,2025-05-02,3,78.2,9.7,6.2,7.6,Đạt,2850000,Không,0,5
SV0049,Võ Thanh Khang,Nam,Tây Nguyên,Kinh tế,Thương mại điện tử,Năm 3,HK1 2025-2026,Trực tiếp,2026-02-09,3,78.0,7.0,4.8,5.7,Bảo lưu,3150000,Hoàn cảnh khó khăn,1260000,4
SV0050,Trần Quốc Trang,Nam,Tây Nguyên,Công nghệ thông tin,Trí tuệ nhân tạo,Năm 3,HK2 2025-2026,Trực tiếp,2025-07-23,3,93.7,7.3,5.9,6.5,Đạt,3300000,Không,0,5
SV0051,Đặng Văn Hân,Nữ,Đông Nam Bộ,Kinh tế,Phân tích kinh doanh,Năm 4,HK2 2024-2025,Trực tiếp,2024-10-10,2,79.1,9.2,4.4,6.3,Đạt,2100000,Không,0,5
SV0052,Nguyễn Ngọc Hà,Nữ,TP. Hồ Chí Minh,Quản trị kinh doanh,Quản trị chiến lược,Năm 1,HK1 2025-2026,Trực tuyến,2026-04-01,3,69.4,6.8,8.5,7.8,Đạt,3300000,Không,0,4
SV0053,Hoàng Hoàng Vi,Nữ,Miền Bắc,Truyền thông,Sản xuất nội dung,Năm 2,HK1 2025-2026,Trực tuyến,2025-10-28,4,80.9,2.9,6.0,4.8,Không đạt,4400000,Không,0,4
SV0054,Nguyễn Văn Lan,Nam,TP. Hồ Chí Minh,Quản trị kinh doanh,Quản trị chiến lược,Năm 3,HK1 2025-2026,Trực tiếp,2025-02-09,2,83.0,8.5,7.6,8.0,Đạt,2200000,Khuyến học,550000,2
SV0055,Phạm Ngọc Mai,Nam,TP. Hồ Chí Minh,Tài chính - Ngân hàng,Ngân hàng thương mại,Năm 1,HK2 2025-2026,Trực tiếp,2025-12-10,2,80.1,5.5,6.2,5.9,Bảo lưu,2200000,Tài năng,1100000,4
SV0056,Vũ Thị Mai,Nữ,Miền Trung,Tài chính - Ngân hàng,Đầu tư tài chính,Năm 4,HK1 2025-2026,Trực tiếp,2025-11-30,4,93.7,5.0,5.6,5.4,Bảo lưu,4000000,Không,0,4
SV0057,Bùi Gia An,Nam,Tây Nguyên,Công nghệ thông tin,Cơ sở dữ liệu,Năm 1,HK2 2024-2025,Trực tuyến,2024-12-16,3,78.8,4.7,4.1,4.3,Không đạt,3300000,Khuyến học,660000,3
SV0058,Võ Thị Bình,Nam,TP. Hồ Chí Minh,Quản trị kinh doanh,Quản trị chiến lược,Năm 4,HK2 2025-2026,Trực tiếp,2025-11-30,3,76.5,7.4,8.5,8.1,Đạt,2850000,Không,0,4
SV0059,Võ Hoàng An,Nam,TP. Hồ Chí Minh,Quản trị kinh doanh,Quản trị chiến lược,Năm 3,HK2 2024-2025,Trực tuyến,2026-02-03,3,58.6,5.8,8.1,7.2,Không đạt,3300000,Hoàn cảnh khó khăn,1320000,4
SV0060,Vũ Hoàng Trang,Nữ,Miền Trung,Công nghệ thông tin,Cơ sở dữ liệu,Năm 4,HK2 2024-2025,Trực tuyến,2024-12-12,3,79.7,7.2,7.0,7.1,Đạt,2850000,Không,0,4
SV0061,Lê Thanh Mai,Nữ,TP. Hồ Chí Minh,Công nghệ thông tin,Trí tuệ nhân tạo,Năm 1,HK1 2025-2026,Trực tuyến,2025-05-28,4,77.5,7.8,8.8,8.4,Đạt,4400000,Không,0,5
SV0062,Vũ Anh Trang,Nữ,Miền Trung,Công nghệ thông tin,Cơ sở dữ liệu,Năm 1,HK1 2025-2026,Trực tiếp,2024-10-01,3,75.9,6.7,5.4,5.9,Đạt,2850000,Khuyến học,712500,3
SV0063,Vũ Ngọc Quân,Nam,TP. Hồ Chí Minh,Ngôn ngữ Anh,Biên phiên dịch,Năm 2,HK1 2025-2026,Kết hợp,2025-10-16,4,89.8,7.2,7.3,7.3,Đạt,3800000,Hoàn cảnh khó khăn,1140000,5
SV0064,Đỗ Gia Mai,Nữ,Miền Bắc,Kinh tế,Kinh tế vĩ mô,Năm 3,HK1 2025-2026,Trực tiếp,2025-11-23,4,75.1,6.5,7.0,6.8,Đạt,4400000,Không,0,5
SV0065,Trần Quốc Khang,Nữ,Đông Nam Bộ,Kinh tế,Phân tích kinh doanh,Năm 2,HK1 2024-2025,Kết hợp,2025-01-20,3,84.0,8.0,7.1,7.5,Đạt,3000000,Khuyến học,450000,3
SV0066,Lê Minh Trang,Nam,TP. Hồ Chí Minh,Kinh tế,Kinh tế vĩ mô,Năm 2,HK1 2024-2025,Kết hợp,2026-02-07,2,85.0,8.9,8.2,8.5,Đạt,2000000,Không,0,4
SV0067,Nguyễn Thanh Uyên,Nam,Đồng bằng sông Cửu Long,Kinh tế,Kinh tế vĩ mô,Năm 2,HK1 2025-2026,Kết hợp,2025-09-09,2,69.8,8.4,5.4,6.6,Bảo lưu,2000000,Không,0,2
SV0068,Võ Thị Hân,Nữ,Đông Nam Bộ,Kinh tế,Phân tích kinh doanh,Năm 3,HK2 2025-2026,Trực tuyến,2025-04-20,3,68.3,9.9,9.9,9.9,Đạt,3000000,Không,0,5
SV0069,Phạm Ngọc An,Nam,Miền Trung,Ngôn ngữ Anh,Biên phiên dịch,Năm 1,HK1 2025-2026,Trực tiếp,2026-03-16,3,93.4,7.3,7.6,7.5,Đạt,3150000,Không,0,5
SV0070,Nguyễn Thị Giang,Nữ,Đồng bằng sông Cửu Long,Ngôn ngữ Anh,Biên phiên dịch,Năm 4,HK2 2025-2026,Trực tiếp,2025-01-14,3,92.6,8.3,9.6,9.1,Đạt,3000000,Tài năng,1050000,4
SV0071,Phan Anh Khang,Nam,Đông Nam Bộ,Tài chính - Ngân hàng,Ngân hàng thương mại,Năm 2,HK1 2024-2025,Trực tiếp,2025-02-18,3,81.8,6.4,8.6,7.7,Đạt,3000000,Không,0,4
SV0072,Phan Văn Trang,Nữ,Đông Nam Bộ,Kinh tế,Phân tích kinh doanh,Năm 1,HK1 2025-2026,Kết hợp,2025-08-13,3,93.5,5.8,7.5,6.8,Đạt,2850000,Không,0,4
SV0073,Phan Anh Nam,Nữ,Đồng bằng sông Cửu Long,Quản trị kinh doanh,Marketing căn bản,Năm 1,HK1 2025-2026,Trực tiếp,2025-02-19,3,82.6,6.6,5.4,5.9,Đạt,3300000,Không,0,3
SV0074,Bùi Hoàng Quân,Nam,Đông Nam Bộ,Quản trị kinh doanh,Marketing căn bản,Năm 3,HK1 2024-2025,Kết hợp,2025-05-12,3,93.3,9.3,6.4,7.6,Đạt,3000000,Không,0,4
SV0075,Phan Quốc Hân,Nữ,TP. Hồ Chí Minh,Tài chính - Ngân hàng,Ngân hàng thương mại,Năm 4,HK1 2024-2025,Trực tiếp,2025-08-30,3,81.5,5.4,5.0,5.2,Đạt,3150000,Không,0,4
SV0076,Võ Anh Mai,Nam,TP. Hồ Chí Minh,Kinh tế,Phân tích kinh doanh,Năm 4,HK2 2024-2025,Kết hợp,2025-08-29,2,77.1,6.4,5.6,5.9,Đạt,2200000,Không,0,4
SV0077,Vũ Thị Uyên,Nữ,TP. Hồ Chí Minh,Công nghệ thông tin,Cơ sở dữ liệu,Năm 1,HK1 2025-2026,Trực tiếp,2025-04-12,3,75.9,7.5,9.4,8.6,Đạt,2850000,Không,0,5
SV0078,Đỗ Hoàng Yến,Nam,TP. Hồ Chí Minh,Công nghệ thông tin,Lập trình Python,Năm 2,HK2 2024-2025,Trực tiếp,2026-03-17,2,62.0,6.7,4.4,5.3,Đạt,2200000,Không,0,4
SV0079,Hoàng Ngọc Hân,Nam,Miền Trung,Truyền thông,Sản xuất nội dung,Năm 4,HK1 2024-2025,Kết hợp,2026-01-04,4,98.0,7.3,10,8.9,Bảo lưu,4400000,Hoàn cảnh khó khăn,1100000,3
SV0080,Đỗ Gia Quân,Nữ,Đồng bằng sông Cửu Long,Tài chính - Ngân hàng,Đầu tư tài chính,Năm 4,HK2 2025-2026,Trực tiếp,2025-01-26,3,80.9,4.6,7.9,6.6,Đạt,2850000,Không,0,4
SV0081,Phan Gia Vi,Nam,TP. Hồ Chí Minh,Quản trị kinh doanh,Marketing căn bản,Năm 1,HK2 2025-2026,Trực tiếp,2025-04-17,2,82.9,4.9,8.1,6.8,Đạt,2100000,Không,0,3
SV0082,Bùi Hoàng Linh,Nam,TP. Hồ Chí Minh,Công nghệ thông tin,Cơ sở dữ liệu,Năm 2,HK2 2024-2025,Trực tuyến,2024-11-05,4,89.8,4.9,8.8,7.2,Đạt,4200000,Không,0,4
SV0083,Huỳnh Thu Hân,Nữ,Tây Nguyên,Kinh tế,Thương mại điện tử,Năm 2,HK1 2025-2026,Trực tuyến,2025-11-12,3,80.9,8.5,9.8,9.3,Đạt,3300000,Không,0,3
SV0084,Huỳnh Văn Trang,Nam,TP. Hồ Chí Minh,Truyền thông,Thiết kế đồ họa,Năm 2,HK2 2024-2025,Trực tiếp,2024-12-24,3,85.0,6.8,6.3,6.5,Đạt,2850000,Không,0,4
SV0085,Huỳnh Hoàng Dũng,Nữ,Đông Nam Bộ,Kinh tế,Kinh tế vĩ mô,Năm 2,HK2 2024-2025,Kết hợp,2025-10-03,4,86.9,7.3,5.7,6.3,Đạt,4400000,Khuyến học,880000,5
SV0086,Phạm Anh Hà,Nữ,TP. Hồ Chí Minh,Quản trị kinh doanh,Khởi nghiệp,Năm 3,HK2 2025-2026,Trực tuyến,2026-03-16,4,93.6,7.0,5.0,5.8,Đạt,3800000,Không,0,2
SV0087,Hoàng Ngọc Phúc,Nam,Miền Trung,Tài chính - Ngân hàng,Ngân hàng thương mại,Năm 2,HK2 2024-2025,Trực tiếp,2025-07-14,3,80.9,7.1,7.1,7.1,Đạt,2850000,Không,0,3
SV0088,Trần Quốc Hà,Nam,Miền Bắc,Truyền thông,Quan hệ công chúng,Năm 3,HK2 2024-2025,Kết hợp,2025-12-23,3,68.6,6.2,5.1,5.5,Bảo lưu,3000000,Không,0,4
SV0089,Vũ Thị Hà,Nam,TP. Hồ Chí Minh,Công nghệ thông tin,Cơ sở dữ liệu,Năm 1,HK2 2025-2026,Kết hợp,2025-01-28,3,87.1,6.8,9.9,8.7,Đạt,2850000,Không,0,2
SV0090,Phan Minh Chi,Nam,TP. Hồ Chí Minh,Kinh tế,Phân tích kinh doanh,Năm 3,HK2 2024-2025,Trực tiếp,2026-03-21,2,77.1,8.9,7.5,8.1,Đạt,2000000,Không,0,4
SV0091,Đặng Thu Phúc,Nam,Đồng bằng sông Cửu Long,Kinh tế,Thương mại điện tử,Năm 4,HK2 2025-2026,Trực tiếp,2024-08-10,3,100,7.2,7.7,7.5,Đạt,3000000,Không,0,2
SV0092,Bùi Văn Hà,Nữ,Đồng bằng sông Cửu Long,Ngôn ngữ Anh,Giao tiếp thương mại,Năm 3,HK2 2024-2025,Kết hợp,2024-11-03,3,98.3,5.8,4.9,5.3,Đạt,2850000,Hoàn cảnh khó khăn,1140000,3
SV0093,Võ Ngọc Trang,Nữ,Đông Nam Bộ,Quản trị kinh doanh,Quản trị nhân sự,Năm 2,HK1 2024-2025,Trực tiếp,2025-03-26,3,89.1,8.5,8.1,8.3,Đạt,2850000,Không,0,4
SV0094,Phạm Thanh Hân,Nam,Đồng bằng sông Cửu Long,Truyền thông,Truyền thông số,Năm 1,HK2 2024-2025,Trực tiếp,2026-04-11,3,89.7,5.6,8.6,7.4,Đạt,2850000,Không,0,4
SV0095,Đặng Minh Khang,Nữ,Đông Nam Bộ,Công nghệ thông tin,Cơ sở dữ liệu,Năm 2,HK2 2025-2026,Trực tuyến,2026-04-19,3,100,7.1,7.3,7.2,Đạt,2850000,Không,0,4
SV0096,Bùi Minh Hân,Nữ,Đồng bằng sông Cửu Long,Truyền thông,Thiết kế đồ họa,Năm 2,HK2 2025-2026,Trực tiếp,2024-12-26,3,82.2,5.7,7.9,7.0,Đạt,3300000,Khuyến học,495000,5
SV0097,Phạm Anh Uyên,Nữ,Miền Trung,Quản trị kinh doanh,Khởi nghiệp,Năm 4,HK2 2024-2025,Trực tiếp,2025-01-30,3,86.5,9.6,6.4,7.7,Đạt,2850000,Không,0,5
SV0098,Vũ Ngọc Linh,Nam,Đồng bằng sông Cửu Long,Kinh tế,Phân tích kinh doanh,Năm 4,HK2 2025-2026,Trực tuyến,2024-11-17,4,67.5,9.0,4.9,6.5,Đạt,4200000,Không,0,4
SV0099,Phạm Thu An,Nam,Đồng bằng sông Cửu Long,Truyền thông,Truyền thông số,Năm 3,HK1 2024-2025,Trực tiếp,2025-05-10,2,100,5.7,9.9,8.2,Đạt,1900000,Khuyến học,285000,3
SV0100,Huỳnh Thu Dũng,Nam,Miền Trung,Kinh tế,Thương mại điện tử,Năm 4,HK2 2024-2025,Kết hợp,2026-03-01,4,76.8,6.6,6.4,6.5,Đạt,3800000,Tài năng,1330000,3
SV0101,Phan Ngọc Trang,Nữ,Đông Nam Bộ,Ngôn ngữ Anh,Tiếng Anh học thuật,Năm 3,HK2 2025-2026,Trực tuyến,2025-05-09,3,92.0,7.9,6.2,6.9,Đạt,3300000,Không,0,4
SV0102,Hoàng Thị Trang,Nữ,Miền Trung,Kinh tế,Kinh tế vĩ mô,Năm 2,HK1 2024-2025,Trực tiếp,2025-07-02,2,69.2,6.1,9.3,8.0,Đạt,2000000,Không,0,3
SV0103,Huỳnh Gia Nam,Nữ,TP. Hồ Chí Minh,Ngôn ngữ Anh,Văn hóa Anh-Mỹ,Năm 3,HK1 2024-2025,Trực tiếp,2025-06-25,3,89.8,7.1,9.6,8.6,Đạt,3000000,Không,0,4
SV0104,Vũ Văn Lan,Nữ,TP. Hồ Chí Minh,Truyền thông,Sản xuất nội dung,Năm 2,HK2 2024-2025,Trực tiếp,2025-04-25,4,87.0,5.3,8.9,7.5,Đạt,3800000,Không,0,3
SV0105,Phan Hoàng Yến,Nam,Miền Bắc,Tài chính - Ngân hàng,Tài chính doanh nghiệp,Năm 1,HK1 2024-2025,Trực tiếp,2024-11-05,4,71.9,5.9,7.2,6.7,Đạt,4000000,Không,0,4
SV0106,Đặng Thị Thảo,Nam,Đồng bằng sông Cửu Long,Kinh tế,Kinh tế vĩ mô,Năm 3,HK1 2025-2026,Trực tiếp,2025-12-09,4,92.4,10,7.7,8.6,Đạt,4400000,Khuyến học,660000,3
SV0107,Võ Ngọc Trang,Nữ,Đông Nam Bộ,Ngôn ngữ Anh,Biên phiên dịch,Năm 3,HK2 2025-2026,Trực tiếp,2025-12-02,3,69.6,6.8,8.9,8.1,Đạt,3300000,Không,0,4
SV0108,Đặng Quốc Hà,Nữ,Miền Bắc,Tài chính - Ngân hàng,Đầu tư tài chính,Năm 1,HK2 2024-2025,Trực tiếp,2024-12-22,3,85.2,4.8,7.2,6.2,Đạt,3150000,Khuyến học,787500,5
SV0109,Hoàng Anh An,Nam,Đồng bằng sông Cửu Long,Truyền thông,Quan hệ công chúng,Năm 2,HK2 2025-2026,Kết hợp,2025-06-19,3,72.0,6.2,7.3,6.9,Đạt,3000000,Không,0,5
SV0110,Huỳnh Anh Nam,Nam,Đông Nam Bộ,Công nghệ thông tin,Cơ sở dữ liệu,Năm 2,HK2 2024-2025,Trực tiếp,2025-12-23,3,100,8.0,7.6,7.8,Đạt,3150000,Không,0,2
SV0111,Phạm Gia Chi,Nam,TP. Hồ Chí Minh,Quản trị kinh doanh,Quản trị nhân sự,Năm 3,HK1 2025-2026,Kết hợp,2026-05-11,3,89.3,7.5,7.9,7.7,Đạt,3000000,Khuyến học,450000,3
SV0112,Nguyễn Quốc Hân,Nam,Miền Bắc,Tài chính - Ngân hàng,Tài chính doanh nghiệp,Năm 2,HK1 2024-2025,Trực tiếp,2025-11-03,3,89.4,8.0,8.1,8.1,Đạt,3300000,Không,0,5
SV0113,Lê Thu Giang,Nam,Đông Nam Bộ,Quản trị kinh doanh,Quản trị chiến lược,Năm 1,HK2 2025-2026,Trực tiếp,2025-08-21,4,89.3,9.1,5.9,7.2,Đạt,4200000,Khuyến học,630000,4
SV0114,Võ Minh Thảo,Nữ,Miền Bắc,Truyền thông,Quan hệ công chúng,Năm 1,HK2 2024-2025,Trực tiếp,2026-05-03,4,97.0,9.6,8.8,9.1,Bảo lưu,4000000,Không,0,4
SV0115,Hoàng Văn Uyên,Nam,Đồng bằng sông Cửu Long,Công nghệ thông tin,Cơ sở dữ liệu,Năm 1,HK1 2024-2025,Trực tiếp,2025-01-08,3,90.9,7.4,5.8,6.4,Đạt,3150000,Không,0,4
SV0116,Phan Thanh Phúc,Nữ,Tây Nguyên,Công nghệ thông tin,Lập trình Python,Năm 4,HK1 2024-2025,Trực tiếp,2025-03-10,3,76.1,7.9,4.4,5.8,Đạt,3000000,Không,0,5
SV0117,Nguyễn Minh Yến,Nam,TP. Hồ Chí Minh,Kinh tế,Phân tích kinh doanh,Năm 4,HK1 2025-2026,Trực tuyến,2026-05-26,2,92.0,9.3,6.6,7.7,Đạt,2000000,Không,0,3
SV0118,Bùi Ngọc Bình,Nam,TP. Hồ Chí Minh,Công nghệ thông tin,Phát triển Web,Năm 1,HK2 2024-2025,Trực tiếp,2025-09-10,4,79.1,8.7,6.5,7.4,Đạt,4200000,Không,0,4
SV0119,Đặng Thị Vi,Nữ,TP. Hồ Chí Minh,Công nghệ thông tin,Trí tuệ nhân tạo,Năm 2,HK1 2025-2026,Trực tiếp,2024-09-02,2,100,5.6,6.4,6.1,Đạt,2100000,Không,0,5
SV0120,Phan Hoàng Giang,Nam,Miền Bắc,Công nghệ thông tin,Cơ sở dữ liệu,Năm 3,HK1 2024-2025,Trực tuyến,2024-08-07,2,89.3,8.9,7.4,8.0,Đạt,2200000,Không,0,4
SV0121,Phan Quốc Quân,Nam,Đông Nam Bộ,Truyền thông,Thiết kế đồ họa,Năm 1,HK2 2025-2026,Kết hợp,2024-11-17,4,73.7,9.8,3.1,5.8,Đạt,4200000,Không,0,4
SV0122,Phan Văn Quân,Nữ,Miền Trung,Công nghệ thông tin,Phát triển Web,Năm 4,HK1 2024-2025,Trực tiếp,2025-10-29,3,83.0,7.6,6.7,7.1,Đạt,2850000,Không,0,2
SV0123,Lê Quốc Uyên,Nữ,Đồng bằng sông Cửu Long,Tài chính - Ngân hàng,Tài chính doanh nghiệp,Năm 4,HK2 2025-2026,Trực tiếp,2026-05-23,3,83.8,8.2,5.6,6.6,Đạt,3300000,Không,0,3
SV0124,Vũ Quốc Giang,Nam,TP. Hồ Chí Minh,Kinh tế,Kinh tế vĩ mô,Năm 1,HK1 2025-2026,Trực tiếp,2025-06-21,4,91.3,8.9,5.4,6.8,Đạt,4200000,Hoàn cảnh khó khăn,1680000,2
SV0125,Đặng Văn Phúc,Nam,Đồng bằng sông Cửu Long,Công nghệ thông tin,Trí tuệ nhân tạo,Năm 2,HK2 2024-2025,Trực tiếp,2026-01-13,3,68.2,7.2,8.0,7.7,Đạt,3150000,Không,0,3
SV0126,Huỳnh Gia Uyên,Khác,Đồng bằng sông Cửu Long,Quản trị kinh doanh,Marketing căn bản,Năm 2,HK1 2024-2025,Trực tiếp,2025-11-06,4,81.8,7.8,7.0,7.3,Đạt,4400000,Khuyến học,1100000,3
SV0127,Trần Gia Dũng,Nữ,TP. Hồ Chí Minh,Quản trị kinh doanh,Quản trị chiến lược,Năm 1,HK2 2025-2026,Trực tiếp,2024-08-31,4,73.8,6.7,5.9,6.2,Đạt,4000000,Không,0,5
SV0128,Vũ Văn Hà,Nam,TP. Hồ Chí Minh,Truyền thông,Thiết kế đồ họa,Năm 2,HK1 2024-2025,Trực tiếp,2025-01-17,3,100,6.7,3.8,5.0,Đạt,3300000,Khuyến học,660000,4
SV0129,Vũ Anh Hân,Nam,Đồng bằng sông Cửu Long,Tài chính - Ngân hàng,Kế toán quản trị,Năm 3,HK2 2025-2026,Trực tiếp,2024-11-12,4,62.9,6.2,6.5,6.4,Đạt,4400000,Khuyến học,660000,5
SV0130,Bùi Ngọc Quân,Nữ,Đông Nam Bộ,Truyền thông,Quan hệ công chúng,Năm 4,HK1 2025-2026,Kết hợp,2026-03-07,3,92.8,10,5.6,7.4,Đạt,3000000,Không,0,2
SV0131,Phan Gia Trang,Nam,TP. Hồ Chí Minh,Quản trị kinh doanh,Quản trị chiến lược,Năm 4,HK1 2024-2025,Trực tiếp,2024-11-13,2,73.0,6.2,10,8.5,Đạt,2100000,Không,0,1
SV0132,Đặng Thanh Bình,Nam,TP. Hồ Chí Minh,Quản trị kinh doanh,Quản trị chiến lược,Năm 4,HK2 2025-2026,Kết hợp,2025-11-19,3,77.9,5.8,6.8,6.4,Đạt,3150000,Không,0,4
SV0133,Phan Thị Dũng,Nữ,Miền Trung,Kinh tế,Thương mại điện tử,Năm 4,HK1 2025-2026,Kết hợp,2025-07-16,2,91.7,7.3,7.3,7.3,Bảo lưu,2200000,Không,0,4
SV0134,Phạm Hoàng Vi,Nữ,Miền Bắc,Ngôn ngữ Anh,Văn hóa Anh-Mỹ,Năm 1,HK2 2025-2026,Trực tiếp,2025-06-05,3,81.5,8.6,5.9,7.0,Đạt,3150000,Không,0,5
SV0135,Bùi Ngọc Giang,Nữ,TP. Hồ Chí Minh,Công nghệ thông tin,Trí tuệ nhân tạo,Năm 2,HK1 2025-2026,Trực tiếp,2026-01-18,2,72.3,7.3,10,8.9,Đạt,2100000,Không,0,5
SV0136,Đỗ Gia Nam,Nữ,Đông Nam Bộ,Công nghệ thông tin,Cơ sở dữ liệu,Năm 4,HK1 2024-2025,Trực tiếp,2024-09-19,2,77.0,7.3,6.8,7.0,Đạt,1900000,Khuyến học,475000,4
SV0137,Trần Quốc Hà,Nữ,Đồng bằng sông Cửu Long,Ngôn ngữ Anh,Biên phiên dịch,Năm 1,HK1 2024-2025,Trực tiếp,2026-02-21,2,75.9,8.1,8.1,8.1,Đạt,2000000,Hoàn cảnh khó khăn,800000,2
SV0138,Phan Thị Yến,Nam,Đồng bằng sông Cửu Long,Ngôn ngữ Anh,Tiếng Anh học thuật,Năm 2,HK1 2025-2026,Kết hợp,2025-06-28,3,86.2,6.4,6.1,6.2,Đạt,3000000,Khuyến học,600000,3
SV0139,Đỗ Thanh Linh,Nữ,Đồng bằng sông Cửu Long,Truyền thông,Quan hệ công chúng,Năm 1,HK1 2024-2025,Kết hợp,2026-02-21,3,69.3,4.6,6.5,5.7,Đạt,2850000,Không,0,4
SV0140,Đặng Anh Trang,Nữ,Miền Trung,Công nghệ thông tin,Phát triển Web,Năm 4,HK1 2025-2026,Trực tiếp,2024-08-29,3,97.6,3.2,10,7.3,Đạt,3300000,Không,0,4
SV0141,Vũ Hoàng Mai,Nam,TP. Hồ Chí Minh,Kinh tế,Phân tích kinh doanh,Năm 1,HK2 2024-2025,Trực tiếp,2024-11-26,4,99.1,7.2,5.9,6.4,Đạt,4400000,Không,0,4
SV0142,Trần Anh Mai,Nam,Đông Nam Bộ,Ngôn ngữ Anh,Biên phiên dịch,Năm 3,HK1 2024-2025,Kết hợp,2026-01-19,3,72.3,7.8,9.4,8.8,Đạt,2850000,Không,0,5
SV0143,Võ Thị Linh,Nữ,TP. Hồ Chí Minh,Quản trị kinh doanh,Quản trị chiến lược,Năm 4,HK1 2024-2025,Trực tiếp,2026-03-25,3,74.3,10,6.2,7.7,Đạt,3000000,Không,0,2
SV0144,Đỗ Gia An,Nam,TP. Hồ Chí Minh,Truyền thông,Truyền thông số,Năm 3,HK1 2024-2025,Trực tiếp,2026-04-04,3,79.8,5.8,4.6,5.1,Đạt,3150000,Khuyến học,630000,2
SV0145,Phạm Minh Nam,Nữ,Đông Nam Bộ,Tài chính - Ngân hàng,Kế toán quản trị,Năm 1,HK1 2024-2025,Trực tiếp,2025-05-19,3,85.4,8.0,6.5,7.1,Đạt,3000000,Tài năng,1050000,3
SV0146,Đặng Gia Lan,Nữ,Đông Nam Bộ,Công nghệ thông tin,Trí tuệ nhân tạo,Năm 3,HK2 2025-2026,Trực tiếp,2026-05-12,3,82.9,7.0,6.3,6.6,Đạt,3000000,Không,0,4
SV0147,Vũ Gia Huy,Nữ,Tây Nguyên,Quản trị kinh doanh,Quản trị chiến lược,Năm 4,HK2 2025-2026,Kết hợp,2025-07-19,3,96.6,9.2,5.5,7.0,Đạt,3300000,Không,0,4
SV0148,Hoàng Hoàng Phúc,Nữ,Đồng bằng sông Cửu Long,Kinh tế,Kinh tế vĩ mô,Năm 1,HK2 2025-2026,Trực tiếp,2026-06-10,3,80.1,7.7,6.8,7.2,Đạt,3300000,Không,0,5
SV0149,Nguyễn Thanh Yến,Nữ,Miền Trung,Kinh tế,Kinh tế vi mô,Năm 1,HK2 2024-2025,Kết hợp,2026-02-18,3,71.8,10,7.8,8.7,Đạt,3000000,Không,0,3
SV0150,Nguyễn Anh Huy,Nam,Đồng bằng sông Cửu Long,Ngôn ngữ Anh,Biên phiên dịch,Năm 4,HK1 2024-2025,Trực tiếp,2026-05-08,2,85.2,8.0,6.5,7.1,Đạt,2000000,Hoàn cảnh khó khăn,800000,4
SV0151,Võ Văn Phúc,Nam,TP. Hồ Chí Minh,Tài chính - Ngân hàng,Ngân hàng thương mại,Năm 4,HK1 2024-2025,Trực tiếp,2025-09-11,3,78.1,6.7,6.6,6.6,Đạt,3300000,Tài năng,1155000,1
SV0152,Đỗ Thị Trang,Nam,Miền Bắc,Kinh tế,Thương mại điện tử,Năm 1,HK1 2025-2026,Kết hợp,2025-08-17,3,74.5,6.1,5.3,5.6,Đạt,2850000,Không,0,1
SV0153,Vũ Ngọc Giang,Nam,Đồng bằng sông Cửu Long,Tài chính - Ngân hàng,Kế toán quản trị,Năm 1,HK2 2025-2026,Trực tiếp,2025-01-15,4,90.6,6.1,6.0,6.0,Đạt,4400000,Không,0,3
SV0154,Vũ Văn Vi,Nữ,TP. Hồ Chí Minh,Tài chính - Ngân hàng,Tài chính doanh nghiệp,Năm 3,HK1 2025-2026,Trực tiếp,2025-02-25,3,91.9,6.9,8.9,8.1,Đạt,3300000,Không,0,3
SV0155,Huỳnh Thu Yến,Nữ,TP. Hồ Chí Minh,Công nghệ thông tin,Phát triển Web,Năm 4,HK2 2025-2026,Kết hợp,2025-02-22,2,90.9,6.3,5.2,5.6,Đạt,2000000,Không,0,5
SV0156,Trần Anh Vi,Nữ,TP. Hồ Chí Minh,Quản trị kinh doanh,Marketing căn bản,Năm 2,HK2 2025-2026,Trực tiếp,2025-05-21,3,83.6,9.0,4.8,6.5,Đạt,3150000,Không,0,4
SV0157,Vũ Hoàng Linh,Nam,Miền Bắc,Ngôn ngữ Anh,Văn hóa Anh-Mỹ,Năm 4,HK1 2024-2025,Kết hợp,2024-11-11,3,100,7.9,6.1,6.8,Đạt,3300000,Không,0,4
SV0158,Hoàng Thanh Giang,Nữ,Tây Nguyên,Truyền thông,Thiết kế đồ họa,Năm 1,HK2 2024-2025,Trực tuyến,2025-10-18,3,88.1,6.8,7.3,7.1,Đạt,3300000,Không,0,2
SV0159,Phạm Hoàng Khang,Nữ,Miền Trung,Truyền thông,Sản xuất nội dung,Năm 2,HK2 2025-2026,Kết hợp,2026-02-14,4,100,10,7.3,8.4,Đạt,4000000,Không,0,5
SV0160,Phạm Thanh Chi,Nữ,TP. Hồ Chí Minh,Ngôn ngữ Anh,Giao tiếp thương mại,Năm 2,HK2 2024-2025,Trực tiếp,2024-08-11,3,78.7,6.0,7.3,6.8,Đạt,3150000,Không,0,4
SV0161,Bùi Thanh Dũng,Nữ,Miền Bắc,Tài chính - Ngân hàng,Đầu tư tài chính,Năm 1,HK1 2024-2025,Trực tiếp,2025-09-21,2,86.0,6.7,8.4,7.7,Đạt,2000000,Không,0,4
SV0162,Đỗ Văn Linh,Nữ,TP. Hồ Chí Minh,Quản trị kinh doanh,Quản trị nhân sự,Năm 2,HK1 2025-2026,Kết hợp,2026-01-26,3,85.1,7.5,7.5,7.5,Đạt,2850000,Hoàn cảnh khó khăn,855000,5
SV0163,Nguyễn Ngọc Khang,Nữ,TP. Hồ Chí Minh,Truyền thông,Sản xuất nội dung,Năm 4,HK1 2024-2025,Kết hợp,2025-03-20,2,82.7,8.2,6.4,7.1,Đạt,1900000,Tài năng,665000,2
SV0164,Hoàng Hoàng Huy,Nam,TP. Hồ Chí Minh,Ngôn ngữ Anh,Giao tiếp thương mại,Năm 2,HK2 2024-2025,Trực tuyến,2025-07-25,4,76.9,6.4,8.6,7.7,Bảo lưu,4000000,Không,0,4
SV0165,Đặng Thu Yến,Nam,Đồng bằng sông Cửu Long,Ngôn ngữ Anh,Biên phiên dịch,Năm 2,HK1 2024-2025,Trực tiếp,2025-01-01,3,80.3,7.3,6.5,6.8,Đạt,3000000,Không,0,5
SV0166,Vũ Quốc Uyên,Nam,Đông Nam Bộ,Công nghệ thông tin,Trí tuệ nhân tạo,Năm 1,HK1 2025-2026,Trực tiếp,2026-03-28,4,72.6,7.3,3.0,4.7,Không đạt,3800000,Không,0,5
SV0167,Hoàng Thu Hân,Nam,TP. Hồ Chí Minh,Quản trị kinh doanh,Quản trị nhân sự,Năm 3,HK1 2025-2026,Trực tiếp,2025-06-20,3,74.5,8.5,7.8,8.1,Đạt,3150000,Không,0,4
SV0168,Đặng Thị Bình,Nam,Đồng bằng sông Cửu Long,Truyền thông,Truyền thông số,Năm 1,HK2 2024-2025,Trực tuyến,2025-06-19,3,100,5.8,6.8,6.4,Đạt,3150000,Không,0,4
SV0169,Phan Thị Yến,Nữ,Đồng bằng sông Cửu Long,Ngôn ngữ Anh,Giao tiếp thương mại,Năm 4,HK1 2025-2026,Trực tiếp,2025-05-17,4,100,5.2,6.1,5.7,Đạt,3800000,Không,0,4
SV0170,Huỳnh Anh Lan,Nữ,Đông Nam Bộ,Kinh tế,Phân tích kinh doanh,Năm 4,HK1 2025-2026,Trực tiếp,2026-01-05,3,71.2,7.1,6.2,6.6,Đạt,3150000,Không,0,4
SV0171,Vũ Thu Mai,Nữ,Miền Trung,Ngôn ngữ Anh,Giao tiếp thương mại,Năm 2,HK2 2024-2025,Kết hợp,2025-07-06,2,85.6,6.8,8.3,7.7,Đạt,2100000,Không,0,3
SV0172,Hoàng Thanh Khang,Nữ,Đông Nam Bộ,Kinh tế,Thương mại điện tử,Năm 3,HK1 2025-2026,Trực tuyến,2025-08-26,3,78.8,7.3,5.4,6.2,Đạt,3000000,Khuyến học,450000,4
SV0173,Bùi Gia Yến,Nam,TP. Hồ Chí Minh,Công nghệ thông tin,Phát triển Web,Năm 3,HK2 2024-2025,Kết hợp,2025-12-24,3,90.4,7.9,9.5,8.9,Đạt,3000000,Tài năng,1500000,2
SV0174,Lê Thanh Dũng,Nam,Miền Trung,Ngôn ngữ Anh,Văn hóa Anh-Mỹ,Năm 1,HK1 2024-2025,Kết hợp,2025-02-03,3,78.8,8.3,9.0,8.7,Đạt,3000000,Không,0,4
SV0175,Nguyễn Ngọc Bình,Nữ,Đồng bằng sông Cửu Long,Công nghệ thông tin,Trí tuệ nhân tạo,Năm 3,HK2 2025-2026,Trực tiếp,2024-09-19,4,76.0,9.1,4.3,6.2,Đạt,4200000,Không,0,1
SV0176,Lê Văn Thảo,Nam,TP. Hồ Chí Minh,Tài chính - Ngân hàng,Kế toán quản trị,Năm 3,HK2 2024-2025,Kết hợp,2026-05-25,2,75.6,6.3,7.6,7.1,Đạt,1900000,Không,0,4
SV0177,Bùi Thanh Phúc,Nam,Đông Nam Bộ,Truyền thông,Thiết kế đồ họa,Năm 1,HK2 2024-2025,Trực tiếp,2025-06-27,4,86.5,5.8,7.4,6.8,Đạt,4000000,Không,0,2
SV0178,Huỳnh Thu Huy,Nữ,TP. Hồ Chí Minh,Kinh tế,Kinh tế vĩ mô,Năm 1,HK1 2024-2025,Kết hợp,2025-06-17,3,62.5,5.8,5.7,5.7,Đạt,3300000,Không,0,3
SV0179,Phạm Thu Chi,Nam,Đông Nam Bộ,Công nghệ thông tin,Trí tuệ nhân tạo,Năm 1,HK1 2024-2025,Kết hợp,2025-07-05,3,83.7,8.2,7.9,8.0,Đạt,3000000,Không,0,4
SV0180,Huỳnh Thanh Mai,Nữ,Đồng bằng sông Cửu Long,Ngôn ngữ Anh,Tiếng Anh học thuật,Năm 4,HK2 2025-2026,Trực tiếp,2025-08-01,4,88.9,8.2,8.8,8.6,Đạt,3800000,Không,0,4
SV0181,Huỳnh Thu Mai,Nam,Miền Bắc,Tài chính - Ngân hàng,Tài chính doanh nghiệp,Năm 3,HK1 2024-2025,Kết hợp,2025-07-14,4,79.2,7.5,7.1,7.3,Đạt,3800000,Hoàn cảnh khó khăn,1140000,5
SV0182,Phạm Thanh Hân,Nam,Đồng bằng sông Cửu Long,Quản trị kinh doanh,Quản trị chiến lược,Năm 3,HK2 2024-2025,Kết hợp,2024-11-02,4,75.3,7.5,7.0,7.2,Bảo lưu,3800000,Không,0,4
SV0183,Phạm Quốc Khang,Nữ,Miền Trung,Kinh tế,Thương mại điện tử,Năm 2,HK2 2024-2025,Trực tuyến,2025-05-15,3,72.7,6.7,8.5,7.8,Đạt,3150000,Khuyến học,787500,1
SV0184,Võ Anh Khang,Nữ,Tây Nguyên,Công nghệ thông tin,Cơ sở dữ liệu,Năm 4,HK2 2024-2025,Trực tiếp,2025-03-17,3,75.5,9.2,8.9,9.0,Đạt,2850000,Không,0,4
SV0185,Võ Thu Yến,Nam,Đông Nam Bộ,Quản trị kinh doanh,Khởi nghiệp,Năm 3,HK2 2024-2025,Trực tiếp,2025-08-18,3,97.9,10,5.4,7.2,Đạt,3000000,Không,0,5
SV0186,Trần Thị Giang,Nữ,TP. Hồ Chí Minh,Kinh tế,Kinh tế vĩ mô,Năm 4,HK1 2025-2026,Trực tuyến,2024-10-02,3,89.9,6.5,9.2,8.1,Đạt,3300000,Không,0,5
SV0187,Vũ Gia Linh,Nam,TP. Hồ Chí Minh,Công nghệ thông tin,Trí tuệ nhân tạo,Năm 4,HK2 2025-2026,Trực tiếp,2024-11-14,3,77.7,9.2,5.9,7.2,Đạt,3300000,Không,0,4
SV0188,Trần Gia Giang,Nữ,Đồng bằng sông Cửu Long,Công nghệ thông tin,Trí tuệ nhân tạo,Năm 3,HK2 2025-2026,Kết hợp,2026-01-13,3,77.2,6.6,5.2,5.8,Đạt,2850000,Khuyến học,427500,5
SV0189,Lê Văn Trang,Nam,Đồng bằng sông Cửu Long,Ngôn ngữ Anh,Tiếng Anh học thuật,Năm 2,HK2 2024-2025,Trực tuyến,2025-10-23,4,100,7.8,5.0,6.1,Đạt,4200000,Không,0,5
SV0190,Bùi Thu Giang,Nam,Miền Bắc,Truyền thông,Quan hệ công chúng,Năm 2,HK2 2025-2026,Kết hợp,2025-11-09,3,74.7,6.7,7.1,6.9,Đạt,3000000,Không,0,2
SV0191,Võ Hoàng Hân,Nữ,Miền Bắc,Truyền thông,Quan hệ công chúng,Năm 4,HK1 2025-2026,Trực tuyến,2025-01-02,3,90.3,5.5,7.0,6.4,Đạt,3000000,Không,0,4
SV0192,Đặng Quốc Uyên,Nữ,TP. Hồ Chí Minh,Quản trị kinh doanh,Quản trị nhân sự,Năm 4,HK1 2024-2025,Trực tuyến,2026-01-24,3,79.0,5.9,5.1,5.4,Đạt,3000000,Không,0,5
SV0193,Võ Hoàng Yến,Nữ,TP. Hồ Chí Minh,Ngôn ngữ Anh,Biên phiên dịch,Năm 2,HK2 2025-2026,Trực tiếp,2025-04-22,3,82.0,5.9,5.7,5.8,Đạt,2850000,Không,0,1
SV0194,Vũ Thu Linh,Khác,Đông Nam Bộ,Truyền thông,Sản xuất nội dung,Năm 2,HK2 2024-2025,Trực tiếp,2026-01-16,3,78.8,4.1,7.6,6.2,Đạt,2850000,Khuyến học,427500,3
SV0195,Nguyễn Thanh Khang,Nam,TP. Hồ Chí Minh,Công nghệ thông tin,Lập trình Python,Năm 1,HK2 2025-2026,Kết hợp,2025-11-17,4,74.1,5.5,5.3,5.4,Đạt,4400000,Khuyến học,880000,5
SV0196,Đỗ Gia Vi,Nam,TP. Hồ Chí Minh,Tài chính - Ngân hàng,Tài chính doanh nghiệp,Năm 3,HK2 2025-2026,Trực tiếp,2025-12-17,3,88.9,4.5,10,7.8,Đạt,3000000,Không,0,2
SV0197,Bùi Văn Chi,Nữ,TP. Hồ Chí Minh,Truyền thông,Thiết kế đồ họa,Năm 4,HK1 2024-2025,Kết hợp,2026-05-06,4,80.4,6.2,9.0,7.9,Đạt,4200000,Không,0,4
SV0198,Phạm Gia Linh,Nữ,Đồng bằng sông Cửu Long,Quản trị kinh doanh,Marketing căn bản,Năm 2,HK2 2025-2026,Trực tiếp,2025-04-15,3,93.7,6.4,8.8,7.8,Đạt,2850000,Không,0,4
SV0199,Vũ Gia Nam,Nam,Đông Nam Bộ,Công nghệ thông tin,Phát triển Web,Năm 2,HK2 2025-2026,Trực tuyến,2025-12-30,3,78.2,6.9,4.9,5.7,Đạt,2850000,Không,0,1
SV0200,Phạm Văn Khang,Nữ,TP. Hồ Chí Minh,Truyền thông,Thiết kế đồ họa,Năm 4,HK2 2024-2025,Kết hợp,2026-05-31,4,54.7,7.1,8.3,7.8,Không đạt,4000000,Tài năng,1400000,3
SV0201,Đỗ Ngọc Phúc,Nam,Đồng bằng sông Cửu Long,Tài chính - Ngân hàng,Kế toán quản trị,Năm 1,HK1 2024-2025,Trực tiếp,2025-09-26,2,89.5,8.0,8.1,8.1,Đạt,2000000,Không,0,5
SV0202,Bùi Minh Hà,Nam,Đồng bằng sông Cửu Long,Kinh tế,Kinh tế vi mô,Năm 4,HK1 2024-2025,Kết hợp,2024-12-04,3,94.6,5.2,8.5,7.2,Đạt,3150000,Khuyến học,472500,4
SV0203,Phan Quốc An,Nữ,Đồng bằng sông Cửu Long,Tài chính - Ngân hàng,Kế toán quản trị,Năm 1,HK1 2025-2026,Trực tiếp,2024-10-09,4,76.9,6.4,8.1,7.4,Đạt,3800000,Không,0,3
SV0204,Phan Văn Quân,Nữ,Miền Bắc,Tài chính - Ngân hàng,Đầu tư tài chính,Năm 1,HK2 2025-2026,Kết hợp,2024-11-22,3,91.6,8.1,5.2,6.4,Đạt,3300000,Khuyến học,660000,3
SV0205,Đỗ Anh Giang,Nữ,Đông Nam Bộ,Công nghệ thông tin,Trí tuệ nhân tạo,Năm 3,HK1 2025-2026,Kết hợp,2024-11-22,3,83.0,10,5.9,7.5,Đạt,2850000,Tài năng,1425000,4
SV0206,Đỗ Hoàng Nam,Nữ,TP. Hồ Chí Minh,Truyền thông,Thiết kế đồ họa,Năm 1,HK1 2025-2026,Trực tiếp,2025-04-17,3,73.0,6.9,6.4,6.6,Đạt,3300000,Không,0,5
SV0207,Huỳnh Thu Vi,Nữ,Tây Nguyên,Ngôn ngữ Anh,Biên phiên dịch,Năm 3,HK2 2025-2026,Trực tiếp,2025-06-15,4,69.9,8.9,9.4,9.2,Đạt,4000000,Khuyến học,1000000,3
SV0208,Trần Ngọc Thảo,Nữ,Đông Nam Bộ,Ngôn ngữ Anh,Giao tiếp thương mại,Năm 1,HK1 2025-2026,Trực tuyến,2026-01-08,3,83.4,8.5,7.8,8.1,Đạt,3000000,Không,0,5
SV0209,Phan Văn Mai,Nữ,Đồng bằng sông Cửu Long,Tài chính - Ngân hàng,Tài chính doanh nghiệp,Năm 2,HK1 2024-2025,Trực tiếp,2026-05-16,3,82.0,6.9,8.3,7.7,Đạt,3000000,Khuyến học,750000,4
SV0210,Trần Ngọc Vi,Nam,Miền Trung,Quản trị kinh doanh,Quản trị chiến lược,Năm 1,HK2 2025-2026,Trực tiếp,2024-09-12,2,93.9,7.0,7.4,7.2,Đạt,2000000,Không,0,3
SV0211,Hoàng Gia Bình,Nam,Miền Bắc,Ngôn ngữ Anh,Giao tiếp thương mại,Năm 1,HK2 2024-2025,Trực tuyến,2026-03-19,3,87.5,7.6,5.0,6.0,Đạt,3150000,Không,0,4
SV0212,Bùi Thanh Giang,Nam,TP. Hồ Chí Minh,Kinh tế,Thương mại điện tử,Năm 3,HK2 2024-2025,Trực tuyến,2025-10-22,2,73.5,6.6,5.3,5.8,Đạt,1900000,Khuyến học,285000,5
SV0213,Vũ Ngọc Khang,Nữ,Miền Bắc,Tài chính - Ngân hàng,Tài chính doanh nghiệp,Năm 1,HK1 2025-2026,Trực tiếp,2025-09-09,3,68.9,5.7,6.5,6.2,Đạt,3150000,Không,0,4
SV0214,Võ Hoàng Phúc,Nữ,Đồng bằng sông Cửu Long,Ngôn ngữ Anh,Giao tiếp thương mại,Năm 1,HK1 2024-2025,Trực tiếp,2024-11-02,2,83.8,6.7,7.7,7.3,Đạt,2100000,Không,0,2
SV0215,Bùi Thanh Mai,Nữ,Đồng bằng sông Cửu Long,Ngôn ngữ Anh,Biên phiên dịch,Năm 2,HK1 2025-2026,Kết hợp,2025-12-08,3,77.3,8.2,5.3,6.5,Đạt,2850000,Không,0,4
SV0216,Đỗ Anh Dũng,Nam,Miền Trung,Quản trị kinh doanh,Khởi nghiệp,Năm 1,HK1 2025-2026,Trực tuyến,2025-12-20,2,72.1,8.6,6.9,7.6,Đạt,2100000,Khuyến học,420000,4
SV0217,Đặng Anh Uyên,Nam,Tây Nguyên,Truyền thông,Truyền thông số,Năm 4,HK1 2024-2025,Trực tiếp,2025-09-29,3,72.8,6.7,9.5,8.4,Đạt,3150000,Không,0,4
SV0218,Bùi Minh Linh,Nam,Miền Trung,Truyền thông,Thiết kế đồ họa,Năm 1,HK2 2025-2026,Kết hợp,2024-12-22,3,92.4,4.7,8.7,7.1,Đạt,3300000,Không,0,5
SV0219,Võ Quốc Yến,Nữ,Đồng bằng sông Cửu Long,Công nghệ thông tin,Lập trình Python,Năm 2,HK2 2024-2025,Trực tiếp,2024-11-15,4,89.3,8.3,6.1,7.0,Đạt,4400000,Khuyến học,660000,3
SV0220,Trần Quốc Huy,Nữ,TP. Hồ Chí Minh,Ngôn ngữ Anh,Văn hóa Anh-Mỹ,Năm 3,HK1 2025-2026,Trực tiếp,2026-03-12,3,86.9,8.5,5.0,6.4,Đạt,2850000,Không,0,4
SV0221,Huỳnh Thanh Hà,Nữ,TP. Hồ Chí Minh,Kinh tế,Kinh tế vĩ mô,Năm 2,HK2 2025-2026,Trực tiếp,2025-11-07,3,89.8,8.4,8.5,8.5,Đạt,3000000,Không,0,5
SV0222,Võ Thu Mai,Nam,Miền Trung,Tài chính - Ngân hàng,Tài chính doanh nghiệp,Năm 4,HK1 2025-2026,Trực tiếp,2024-12-22,3,73.7,5.5,9.2,7.7,Đạt,3000000,Không,0,5
SV0223,Huỳnh Hoàng Quân,Nam,TP. Hồ Chí Minh,Quản trị kinh doanh,Marketing căn bản,Năm 1,HK1 2025-2026,Kết hợp,2024-10-08,4,71.4,6.7,6.1,6.3,Đạt,4400000,Không,0,4
SV0224,Bùi Gia Yến,Nam,Miền Trung,Công nghệ thông tin,Cơ sở dữ liệu,Năm 2,HK1 2024-2025,Trực tiếp,2025-05-18,3,91.3,9.2,6.6,7.6,Đạt,3150000,Không,0,5
SV0225,Hoàng Thu Huy,Nam,TP. Hồ Chí Minh,Quản trị kinh doanh,Quản trị nhân sự,Năm 3,HK1 2024-2025,Trực tiếp,2025-07-16,3,78.8,9.7,6.9,8.0,Đạt,3300000,Không,0,5
SV0226,Võ Ngọc Thảo,Nữ,Đông Nam Bộ,Kinh tế,Phân tích kinh doanh,Năm 3,HK2 2024-2025,Trực tiếp,2026-06-07,3,85.5,7.1,10,8.8,Đạt,3150000,Không,0,5
SV0227,Nguyễn Ngọc Giang,Nữ,Tây Nguyên,Công nghệ thông tin,Cơ sở dữ liệu,Năm 4,HK1 2024-2025,Trực tuyến,2026-04-24,3,55.4,6.3,6.0,6.1,Không đạt,3150000,Không,0,4
SV0228,Phan Quốc Yến,Nữ,Đồng bằng sông Cửu Long,Kinh tế,Kinh tế vĩ mô,Năm 1,HK1 2024-2025,Trực tiếp,2026-05-03,4,78.4,9.1,6.4,7.5,Đạt,4200000,Không,0,4
SV0229,Đỗ Minh Giang,Nam,Đông Nam Bộ,Quản trị kinh doanh,Quản trị chiến lược,Năm 3,HK2 2024-2025,Trực tiếp,2026-01-15,3,97.7,5.9,6.4,6.2,Đạt,3000000,Không,0,5
SV0230,Lê Văn Mai,Nữ,TP. Hồ Chí Minh,Kinh tế,Kinh tế vĩ mô,Năm 1,HK2 2025-2026,Kết hợp,2026-06-08,3,95.2,7.0,6.7,6.8,Đạt,3000000,Khuyến học,750000,2
SV0231,Phạm Ngọc Dũng,Nữ,Miền Bắc,Ngôn ngữ Anh,Biên phiên dịch,Năm 1,HK2 2024-2025,Trực tiếp,2026-02-14,2,95.7,10.0,6.2,7.7,Đạt,2000000,Không,0,5
SV0232,Lê Minh Dũng,Nam,Miền Bắc,Quản trị kinh doanh,Quản trị chiến lược,Năm 3,HK1 2025-2026,Trực tuyến,2025-12-02,3,66.0,5.7,6.7,6.3,Bảo lưu,3000000,Không,0,4
SV0233,Đặng Ngọc Giang,Nam,Miền Bắc,Công nghệ thông tin,Lập trình Python,Năm 3,HK2 2025-2026,Trực tiếp,2025-01-07,4,78.7,5.7,6.0,5.9,Đạt,4000000,Không,0,5
SV0234,Huỳnh Thu Trang,Nam,Miền Trung,Công nghệ thông tin,Phát triển Web,Năm 1,HK2 2024-2025,Trực tiếp,2025-09-28,3,76.7,9.2,7.3,8.1,Đạt,3150000,Không,0,5
SV0235,Bùi Quốc Thảo,Nữ,Đồng bằng sông Cửu Long,Kinh tế,Thương mại điện tử,Năm 4,HK2 2025-2026,Trực tiếp,2025-10-19,3,81.9,7.0,10.0,8.8,Đạt,2850000,Không,0,4
SV0236,Lê Minh Phúc,Nam,TP. Hồ Chí Minh,Công nghệ thông tin,Trí tuệ nhân tạo,Năm 2,HK1 2025-2026,Trực tuyến,2025-12-08,2,80.0,6.7,9.1,8.1,Đạt,2200000,Không,0,5
SV0237,Huỳnh Văn Giang,Nữ,Tây Nguyên,Truyền thông,Thiết kế đồ họa,Năm 4,HK1 2025-2026,Trực tiếp,2025-06-18,3,94.0,10,7.1,8.3,Đạt,3300000,Không,0,4
SV0238,Trần Thị Phúc,Nữ,Miền Bắc,Tài chính - Ngân hàng,Kế toán quản trị,Năm 3,HK1 2024-2025,Trực tiếp,2025-05-28,3,67.6,7.7,7.6,7.6,Đạt,3000000,Khuyến học,600000,5
SV0239,Vũ Anh Huy,Nữ,TP. Hồ Chí Minh,Kinh tế,Kinh tế vĩ mô,Năm 1,HK1 2025-2026,Trực tiếp,2025-02-20,3,100,7.1,6.3,6.6,Đạt,2850000,Hoàn cảnh khó khăn,1140000,5
SV0240,Lê Gia Phúc,Nữ,Đông Nam Bộ,Ngôn ngữ Anh,Giao tiếp thương mại,Năm 2,HK2 2024-2025,Trực tuyến,2025-02-10,3,80.3,7.9,9.4,8.8,Đạt,3300000,Tài năng,1650000,2
SV0241,Vũ Thu Chi,Nữ,TP. Hồ Chí Minh,Công nghệ thông tin,Phát triển Web,Năm 3,HK2 2025-2026,Kết hợp,2025-05-13,3,67.6,7.9,6.4,7.0,Đạt,3300000,Không,0,3
SV0242,Vũ Minh Lan,Nữ,TP. Hồ Chí Minh,Truyền thông,Thiết kế đồ họa,Năm 2,HK1 2024-2025,Trực tuyến,2024-09-26,3,76.6,8.0,8.4,8.2,Đạt,3300000,Không,0,4
SV0243,Trần Anh Khang,Nữ,Miền Trung,Truyền thông,Truyền thông số,Năm 1,HK2 2025-2026,Trực tiếp,2025-10-27,3,48.9,6.2,7.4,6.9,Không đạt,2850000,Khuyến học,570000,4
SV0244,Vũ Thanh Thảo,Nam,Đồng bằng sông Cửu Long,Kinh tế,Thương mại điện tử,Năm 4,HK1 2024-2025,Trực tuyến,2024-12-07,3,80.6,8.1,5.0,6.2,Đạt,3150000,Không,0,4
SV0245,Phan Ngọc Yến,Nữ,Miền Trung,Tài chính - Ngân hàng,Tài chính doanh nghiệp,Năm 3,HK1 2024-2025,Trực tuyến,2026-05-01,3,75.8,6.8,7.7,7.3,Đạt,3150000,Khuyến học,472500,3
SV0246,Hoàng Thị Giang,Nam,Đồng bằng sông Cửu Long,Quản trị kinh doanh,Quản trị nhân sự,Năm 2,HK2 2025-2026,Trực tuyến,2024-08-24,3,88.1,7.4,4.6,5.7,Đạt,3300000,Không,0,5
SV0247,Vũ Anh Uyên,Nữ,Đồng bằng sông Cửu Long,Ngôn ngữ Anh,Biên phiên dịch,Năm 1,HK2 2024-2025,Trực tiếp,2024-08-28,2,67.9,9.1,7.3,8.0,Đạt,1900000,Không,0,5
SV0248,Đặng Thị Chi,Nữ,Đồng bằng sông Cửu Long,Tài chính - Ngân hàng,Ngân hàng thương mại,Năm 4,HK1 2024-2025,Trực tiếp,2025-09-09,3,79.0,4.2,5.9,5.2,Đạt,3300000,Hoàn cảnh khó khăn,990000,3
SV0249,Phạm Thị Chi,Nữ,Đồng bằng sông Cửu Long,Quản trị kinh doanh,Quản trị chiến lược,Năm 2,HK1 2024-2025,Kết hợp,2026-04-03,3,90.2,7.1,6.6,6.8,Đạt,3300000,Khuyến học,495000,3
SV0250,Huỳnh Hoàng Yến,Nam,TP. Hồ Chí Minh,Kinh tế,Thương mại điện tử,Năm 1,HK2 2025-2026,Kết hợp,2025-02-21,3,88.5,7.7,6.0,6.7,Đạt,3300000,Không,0,4
SV0251,Huỳnh Quốc Vi,Nam,TP. Hồ Chí Minh,Tài chính - Ngân hàng,Tài chính doanh nghiệp,Năm 2,HK1 2024-2025,Trực tiếp,2025-11-10,4,69.2,4.5,6.1,5.5,Đạt,3800000,Không,0,3
SV0252,Phạm Anh Hân,Nữ,Miền Bắc,Quản trị kinh doanh,Quản trị chiến lược,Năm 4,HK2 2025-2026,Trực tiếp,2026-05-15,3,78.6,7.9,6.9,7.3,Đạt,2850000,Không,0,2
SV0253,Đặng Anh Hân,Nữ,Đông Nam Bộ,Quản trị kinh doanh,Khởi nghiệp,Năm 1,HK1 2025-2026,Trực tiếp,2024-08-02,4,72.5,8.7,7.1,7.7,Đạt,4400000,Không,0,4
SV0254,Lê Thanh Chi,Nam,Miền Trung,Tài chính - Ngân hàng,Kế toán quản trị,Năm 1,HK1 2025-2026,Trực tiếp,2026-03-08,3,83.6,5.8,7.5,6.8,Bảo lưu,3300000,Không,0,4
SV0255,Trần Anh Hà,Nữ,Miền Trung,Công nghệ thông tin,Trí tuệ nhân tạo,Năm 4,HK1 2025-2026,Kết hợp,2025-11-19,3,78.8,6.7,9.9,8.6,Đạt,3150000,Không,0,3
SV0256,Huỳnh Thanh Hà,Nữ,Tây Nguyên,Công nghệ thông tin,Cơ sở dữ liệu,Năm 3,HK2 2024-2025,Kết hợp,2025-03-22,3,80.3,5.4,4.3,4.7,Không đạt,3000000,Khuyến học,750000,5
SV0257,Hoàng Quốc Huy,Nữ,Đông Nam Bộ,Tài chính - Ngân hàng,Kế toán quản trị,Năm 2,HK1 2025-2026,Kết hợp,2025-05-16,3,84.1,6.0,5.0,5.4,Đạt,3300000,Khuyến học,825000,5
SV0258,Vũ Thị Hân,Nữ,Đông Nam Bộ,Công nghệ thông tin,Cơ sở dữ liệu,Năm 3,HK1 2025-2026,Trực tiếp,2024-10-24,3,86.7,6.0,6.3,6.2,Đạt,3300000,Hoàn cảnh khó khăn,990000,4
SV0259,Đỗ Minh Phúc,Nữ,Tây Nguyên,Ngôn ngữ Anh,Biên phiên dịch,Năm 2,HK2 2024-2025,Trực tuyến,2024-10-15,3,67.4,7.8,7.3,7.5,Đạt,3300000,Không,0,2
SV0260,Đặng Anh Mai,Nam,Tây Nguyên,Công nghệ thông tin,Lập trình Python,Năm 3,HK2 2024-2025,Trực tiếp,2024-11-13,3,88.8,4.2,6.5,5.6,Đạt,2850000,Không,0,5
SV0261,Đặng Ngọc Giang,Nữ,Miền Bắc,Ngôn ngữ Anh,Biên phiên dịch,Năm 2,HK1 2025-2026,Kết hợp,2026-06-06,3,81.1,7.6,5.9,6.6,Đạt,3000000,Khuyến học,600000,5
SV0262,Huỳnh Minh Chi,Nữ,Miền Bắc,Quản trị kinh doanh,Marketing căn bản,Năm 1,HK1 2024-2025,Trực tiếp,2026-01-20,3,82.5,8.6,8.7,8.7,Đạt,3000000,Không,0,3
SV0263,Huỳnh Anh Phúc,Nam,TP. Hồ Chí Minh,Quản trị kinh doanh,Khởi nghiệp,Năm 1,HK1 2025-2026,Kết hợp,2025-07-01,3,83.5,5.1,4.6,4.8,Không đạt,2850000,Không,0,2
SV0264,Đỗ Anh Trang,Nam,Đông Nam Bộ,Công nghệ thông tin,Lập trình Python,Năm 2,HK1 2025-2026,Trực tiếp,2025-07-27,2,67.0,6.3,6.5,6.4,Đạt,2200000,Khuyến học,330000,1
SV0265,Phan Thanh Khang,Nữ,Đồng bằng sông Cửu Long,Quản trị kinh doanh,Quản trị chiến lược,Năm 3,HK2 2025-2026,Trực tiếp,2025-09-10,2,87.4,5.5,7.9,6.9,Đạt,2000000,Hoàn cảnh khó khăn,500000,4
SV0266,Nguyễn Gia Dũng,Nam,Đông Nam Bộ,Ngôn ngữ Anh,Tiếng Anh học thuật,Năm 4,HK1 2024-2025,Kết hợp,2025-09-04,4,79.4,9.4,6.2,7.5,Đạt,4000000,Không,0,5
SV0267,Vũ Thị Hà,Nữ,TP. Hồ Chí Minh,Ngôn ngữ Anh,Biên phiên dịch,Năm 2,HK2 2025-2026,Trực tiếp,2026-03-11,3,89.6,8.6,5.5,6.7,Đạt,3000000,Không,0,5
SV0268,Phan Anh Dũng,Nữ,Đồng bằng sông Cửu Long,Quản trị kinh doanh,Khởi nghiệp,Năm 1,HK2 2025-2026,Trực tiếp,2025-07-18,2,81.9,4.9,8.7,7.2,Đạt,2200000,Không,0,3
SV0269,Phan Minh Trang,Nữ,TP. Hồ Chí Minh,Kinh tế,Kinh tế vĩ mô,Năm 2,HK2 2025-2026,Trực tiếp,2025-02-14,2,84.2,6.0,3.5,4.5,Không đạt,1900000,Khuyến học,380000,3
SV0270,Vũ Ngọc Uyên,Nữ,TP. Hồ Chí Minh,Kinh tế,Thương mại điện tử,Năm 1,HK1 2024-2025,Trực tiếp,2025-04-05,3,87.6,8.3,9.8,9.2,Đạt,3000000,Không,0,4
SV0271,Hoàng Hoàng Phúc,Nam,Tây Nguyên,Công nghệ thông tin,Phát triển Web,Năm 1,HK1 2024-2025,Trực tiếp,2024-08-03,3,79.4,7.6,6.8,7.1,Đạt,3150000,Không,0,4
SV0272,Vũ Quốc Thảo,Nam,Miền Trung,Truyền thông,Sản xuất nội dung,Năm 2,HK1 2025-2026,Trực tiếp,2026-02-25,2,98.6,5.6,7.2,6.6,Đạt,2200000,Không,0,1
SV0273,Đặng Ngọc Linh,Nam,TP. Hồ Chí Minh,Ngôn ngữ Anh,Tiếng Anh học thuật,Năm 2,HK1 2024-2025,Trực tiếp,2025-11-05,3,75.2,8.2,8.7,8.5,Đạt,3300000,Không,0,4
SV0274,Võ Thị Trang,Nam,Đông Nam Bộ,Công nghệ thông tin,Trí tuệ nhân tạo,Năm 3,HK1 2025-2026,Trực tiếp,2026-05-14,4,90.5,6.6,7.8,7.3,Đạt,3800000,Không,0,5
SV0275,Đỗ Thanh Mai,Nữ,TP. Hồ Chí Minh,Truyền thông,Sản xuất nội dung,Năm 1,HK2 2024-2025,Trực tiếp,2025-08-02,2,100,6.4,7.9,7.3,Đạt,2000000,Không,0,4
SV0276,Bùi Thanh Nam,Nữ,Miền Trung,Ngôn ngữ Anh,Biên phiên dịch,Năm 1,HK2 2025-2026,Trực tiếp,2025-02-10,4,78.0,7.3,9.4,8.6,Đạt,3800000,Không,0,4
SV0277,Trần Thu Lan,Nữ,TP. Hồ Chí Minh,Kinh tế,Thương mại điện tử,Năm 2,HK2 2025-2026,Trực tuyến,2025-05-07,3,81.2,5.5,8.4,7.2,Đạt,3300000,Hoàn cảnh khó khăn,825000,5
SV0278,Đặng Thanh Quân,Nữ,TP. Hồ Chí Minh,Ngôn ngữ Anh,Biên phiên dịch,Năm 2,HK1 2025-2026,Trực tiếp,2025-05-07,2,80.8,7.0,5.8,6.3,Đạt,2200000,Không,0,1
SV0279,Phạm Thanh Vi,Nữ,TP. Hồ Chí Minh,Công nghệ thông tin,Phát triển Web,Năm 1,HK2 2025-2026,Trực tiếp,2025-04-12,3,83.0,7.4,6.1,6.6,Đạt,3150000,Không,0,4
SV0280,Võ Anh An,Nam,Miền Trung,Ngôn ngữ Anh,Giao tiếp thương mại,Năm 1,HK2 2025-2026,Trực tiếp,2025-07-13,4,88.5,4.2,6.8,5.8,Đạt,4400000,Không,0,1
SV0281,Võ Văn Thảo,Nam,Miền Trung,Kinh tế,Phân tích kinh doanh,Năm 3,HK2 2025-2026,Trực tuyến,2025-04-05,4,67.7,5.8,6.4,6.2,Đạt,4200000,Không,0,4
SV0282,Võ Anh Bình,Nữ,TP. Hồ Chí Minh,Truyền thông,Truyền thông số,Năm 1,HK2 2024-2025,Trực tuyến,2025-09-07,4,82.6,5.4,7.2,6.5,Đạt,4400000,Tài năng,2200000,4
SV0283,Trần Thanh Giang,Nữ,Đồng bằng sông Cửu Long,Truyền thông,Quan hệ công chúng,Năm 4,HK1 2024-2025,Trực tuyến,2024-11-07,3,81.3,6.9,3.3,4.7,Không đạt,2850000,Tài năng,1425000,3
SV0284,Võ Anh Mai,Nữ,Đông Nam Bộ,Ngôn ngữ Anh,Biên phiên dịch,Năm 1,HK2 2024-2025,Kết hợp,2024-11-06,4,87.2,6.3,6.5,6.4,Đạt,4000000,Không,0,5
SV0285,Vũ Ngọc Thảo,Nữ,Đông Nam Bộ,Quản trị kinh doanh,Khởi nghiệp,Năm 1,HK1 2024-2025,Kết hợp,2025-09-23,3,98.0,7.3,5.2,6.0,Đạt,3000000,Không,0,5
SV0286,Hoàng Minh Nam,Nữ,TP. Hồ Chí Minh,Công nghệ thông tin,Lập trình Python,Năm 1,HK2 2024-2025,Trực tiếp,2025-10-31,3,82.4,7.3,8.8,8.2,Đạt,3150000,Không,0,4
SV0287,Nguyễn Hoàng Quân,Nam,TP. Hồ Chí Minh,Truyền thông,Sản xuất nội dung,Năm 4,HK1 2024-2025,Trực tiếp,2026-01-08,3,80.3,8.7,8.8,8.8,Đạt,2850000,Hoàn cảnh khó khăn,855000,4
SV0288,Trần Văn Yến,Nữ,Miền Bắc,Quản trị kinh doanh,Khởi nghiệp,Năm 2,HK1 2025-2026,Trực tiếp,2024-11-08,3,78.1,8.1,7.5,7.7,Đạt,3000000,Không,0,3
SV0289,Lê Thị Phúc,Nữ,Đồng bằng sông Cửu Long,Tài chính - Ngân hàng,Ngân hàng thương mại,Năm 2,HK1 2025-2026,Trực tiếp,2025-01-07,4,79.1,8.9,6.1,7.2,Đạt,3800000,Không,0,4
SV0290,Đặng Thanh Vi,Nữ,Miền Bắc,Kinh tế,Kinh tế vĩ mô,Năm 2,HK2 2025-2026,Trực tiếp,2025-01-05,2,80.2,4.1,7.4,6.1,Đạt,1900000,Không,0,5
SV0291,Trần Quốc Giang,Nam,Đông Nam Bộ,Truyền thông,Thiết kế đồ họa,Năm 4,HK2 2025-2026,Trực tiếp,2024-10-08,2,83.1,9.5,5.6,7.2,Đạt,2100000,Không,0,5
SV0292,Nguyễn Minh Vi,Nữ,TP. Hồ Chí Minh,Tài chính - Ngân hàng,Đầu tư tài chính,Năm 3,HK2 2024-2025,Trực tiếp,2026-02-17,3,65.0,6.5,9.5,8.3,Đạt,3150000,Không,0,5
SV0293,Huỳnh Hoàng An,Nam,TP. Hồ Chí Minh,Tài chính - Ngân hàng,Kế toán quản trị,Năm 3,HK1 2024-2025,Trực tuyến,2025-07-26,4,53.4,6.5,6.5,6.5,Không đạt,4400000,Không,0,4
SV0294,Phan Gia Lan,Nam,Đông Nam Bộ,Kinh tế,Kinh tế vi mô,Năm 1,HK1 2025-2026,Trực tiếp,2025-07-13,3,80.0,7.9,7.6,7.7,Đạt,3000000,Tài năng,1050000,3
SV0295,Hoàng Ngọc Lan,Nữ,Miền Bắc,Công nghệ thông tin,Lập trình Python,Năm 1,HK2 2025-2026,Trực tiếp,2025-07-12,3,80.8,6.3,5.7,5.9,Đạt,2850000,Không,0,1
SV0296,Hoàng Minh Linh,Nữ,Đông Nam Bộ,Truyền thông,Sản xuất nội dung,Năm 2,HK2 2025-2026,Trực tuyến,2026-03-28,3,94.4,7.3,7.8,7.6,Đạt,3000000,Không,0,2
SV0297,Lê Minh Vi,Nam,Tây Nguyên,Quản trị kinh doanh,Quản trị nhân sự,Năm 3,HK2 2025-2026,Trực tiếp,2025-11-12,3,90.7,6.7,7.5,7.2,Đạt,3300000,Không,0,4
SV0298,Vũ Thị Giang,Nam,Miền Trung,Truyền thông,Sản xuất nội dung,Năm 3,HK2 2024-2025,Kết hợp,2024-11-28,4,79.1,5.8,8.1,7.2,Đạt,4000000,Không,0,5
SV0299,Bùi Anh Bình,Nữ,TP. Hồ Chí Minh,Ngôn ngữ Anh,Văn hóa Anh-Mỹ,Năm 4,HK2 2025-2026,Trực tiếp,2026-01-12,4,78.2,6.9,7.0,7.0,Đạt,4000000,Không,0,5
SV0300,Vũ Thu Linh,Nam,TP. Hồ Chí Minh,Truyền thông,Thiết kế đồ họa,Năm 3,HK2 2024-2025,Kết hợp,2024-10-12,3,76.7,4.3,5.8,5.2,Đạt,3000000,Không,0,4
